{
  "model": "RUL Prediction",
  "train_rmse": 3098.448318847988,
  "test_rmse": 3247.2994263247792,
  "train_mae": 2165.212321349262,
  "test_mae": 2272.7905993982254,
  "train_r2": 0.4351806510531372,
  "test_r2": 0.37552541431947484
}